{
  "version": "0.2",
  "words": [
    "affordance",
    "allowfullscreen",
    "autohide",
    "autohiding",
    "autoplay",
    "autoplays",
    "blazingly",
    "Blockquotes",
    "Bootstrappers",
    "borderless",
    "browserslist",
    "browserslistrc",
    "btncheck",
    "btnradio",
    "callout",
    "callouts",
    "clearfix",
    "Codesniffer",
    "combinator",
    "Contentful",
    "Cpath",
    "Crossfade",
    "crossfading",
    "cssgrid",
    "Csvg",
    "Datalists",
    "Deque",
    "discoverability",
    "docsearch",
    "docsref",
    "dropend",
    "dropleft",
    "dropright",
    "dropstart",
    "dropup",
    "errorf",
    "favicon",
    "favicons",
    "fieldsets",
    "flexbox",
    "fullscreen",
    "getbootstrap",
    "Grayscale",
    "Hoverable",
    "hreflang",
    "hstack",
    "jsdelivr",
    "Jumpstart",
    "keyframes",
    "libera",
    "libman",
    "Libsass",
    "lightboxes",
    "Lowercased",
    "markdownify",
    "mediaqueries",
    "minifiers",
    "monospace",
    "mouseleave",
    "navbars",
    "navs",
    "Neue",
    "noindex",
    "Noto",
    "offcanvas",
    "offcanvases",
    "popperjs",
    "prebuild",
    "precompiled",
    "prefersreducedmotion",
    "prepended",
    "printf",
    "rects",
    "relref",
    "rgba",
    "roboto",
    "RTLCSS",
    "ruleset",
    "screenreaders",
    "scrollbars",
    "scrollspy",
    "Segoe",
    "srcset",
    "stickied",
    "Stylelint",
    "subnav",
    "tabbable",
    "textareas",
    "toggleable",
    "topbar",
    "touchend",
    "twbs",
    "unitless",
    "unstylable",
    "unstyled",
    "Uppercased",
    "urlize",
    "vbtn",
    "viewports",
    "vstack",
    "walkthroughs",
    "WCAG",
    "zindex",
    "بالعالم",
    "مرحبًا"
  ],
  "language": "en, en-US",
  "files": [
    "site/**/*.md"
  ],
  "ignorePaths": [
    ".cspell.json",
    "*.min.*"
  ],
  "useGitignore": true
}
